{"cameraMode":{"drawMode":0,"name":"Shaded","section":"Shading Mode"},"sceneLighting":true,"audioPlay":false,"sceneViewState":{"showFog":true,"showMaterialUpdate":true,"showSkybox":true,"showFlares":true,"showImageEffects":true,"showParticleSystems":true},"in2DMode":false,"pivot":{"x":144.5367889404297,"y":421.30596923828127,"z":93.4322509765625},"rotation":{"x":0.07813400775194168,"y":0.04932321235537529,"z":-0.003870540764182806,"w":0.9957144856452942},"size":1027.6231689453125,"orthographic":false}