{"cameraMode":{"drawMode":0,"name":"Shaded","section":"Shading Mode"},"sceneLighting":false,"audioPlay":false,"sceneViewState":{"showFog":true,"showMaterialUpdate":true,"showSkybox":false,"showFlares":true,"showImageEffects":true,"showParticleSystems":true},"in2DMode":false,"pivot":{"x":-0.0775376558303833,"y":0.11021250486373902,"z":-0.04941725730895996},"rotation":{"x":0.27135613560676577,"y":0.007213695906102657,"z":-0.0020339812617748977,"w":0.962449848651886},"size":4.365203857421875,"orthographic":false}