{"cameraMode":{"drawMode":0,"name":"Shaded","section":"Shading Mode"},"sceneLighting":false,"audioPlay":false,"sceneViewState":{"showFog":true,"showMaterialUpdate":true,"showSkybox":false,"showFlares":true,"showImageEffects":true,"showParticleSystems":true},"in2DMode":false,"pivot":{"x":0.07111835479736328,"y":-0.6471662521362305,"z":0.08948478102684021},"rotation":{"x":-0.16697584092617036,"y":0.680072009563446,"z":-0.16340723633766175,"w":-0.6949238777160645},"size":2.8578836917877199,"orthographic":false}